{"Cars": 0.7826141027235418, "CarsVal": 0.7764127764127764, "DTD": 0.7893617021276595, "DTDVal": 0.7819148936170213, "EuroSAT": 0.9888888888888889, "EuroSATVal": 0.9881481481481481, "GTSRB": 0.9914489311163895, "GTSRBVal": 0.9992492492492493, "MNIST": 0.9965, "MNISTVal": 0.9958, "RESISC45": 0.9593650793650793, "RESISC45Val": 0.9624338624338624, "SUN397": 0.7540050377833754, "SUN397Val": 0.7501259445843829, "SVHN": 0.973839889366933, "SVHNVal": 0.9628, "CIFAR10": 0.9805, "CIFAR10Val": 0.9788, "CIFAR100": 0.8909, "CIFAR100Val": 0.8944, "ImageNet": 0.76408, "ImageNetVal": 0.8058, "STL10": 0.9855, "STL10Val": 0.978, "Food101": 0.8868118811881188, "Food101Val": 0.8456, "Caltech256": 0.9260045736687357, "Caltech256Val": 0.9227941176470589, "FGVCAircraft": 0.4065406540654065, "FGVCAircraftVal": 0.42034203420342037, "Flowers102": 0.9007968775410636, "Flowers102Val": 0.9029411764705882, "OxfordIIITPet": 0.9215044971381848, "OxfordIIITPetVal": 0.904891304347826, "CUB200": 0.7355885398688298, "CUB200Val": 0.6928213689482471, "PascalVOC": 0.8842147435897436, "PascalVOCVal": 0.8824507546687133, "Country211": 0.21990521327014217, "Country211Val": 0.22597156398104265, "Caltech101": 0.9441244239631337, "Caltech101Val": 0.9380403458213257, "UCF101": 0.8501189532117367, "UCF101Val": 0.9610115911485775}
