{"Cars": 0.7632135306553911, "CarsVal": 0.757985257985258, "DTD": 0.8, "DTDVal": 0.8111702127659575, "EuroSAT": 0.98, "EuroSATVal": 0.9818518518518519, "GTSRB": 0.9368962787015044, "GTSRBVal": 0.9981231231231231, "MNIST": 0.9933, "MNISTVal": 0.9932, "RESISC45": 0.9457142857142857, "RESISC45Val": 0.9587301587301588, "SUN397": 0.7638790931989925, "SUN397Val": 0.7521410579345088, "SVHN": 0.7995543945912723, "SVHNVal": 0.775}