{"Cars": 0.5973137669444099, "CarsVal": 0.5958230958230958, "DTD": 0.4398936170212766, "DTDVal": 0.425531914893617, "EuroSAT": 0.45185185185185184, "EuroSATVal": 0.44814814814814813, "GTSRB": 0.32557403008709423, "GTSRBVal": 0.32995495495495497, "MNIST": 0.4825, "MNISTVal": 0.4818, "RESISC45": 0.6065079365079366, "RESISC45Val": 0.6148148148148148, "SUN397": 0.6318387909319899, "SUN397Val": 0.6347607052896725, "SVHN": 0.3160725261216964, "SVHNVal": 0.292, "CIFAR10": 0.8983, "CIFAR10Val": 0.8936, "CIFAR100": 0.642, "CIFAR100Val": 0.6498, "ImageNet": 0.6335, "ImageNetVal": 0.667, "STL10": 0.97125, "STL10Val": 0.956, "Food101": 0.8393267326732673, "Food101Val": 0.7946, "Caltech101": 0.8392857142857143, "Caltech101Val": 0.829971181556196, "Caltech256": 0.8199934661875204, "Caltech256Val": 0.8431372549019608, "FGVCAircraft": 0.19651965196519652, "FGVCAircraftVal": 0.18811881188118812, "Flowers102": 0.6648235485444788, "Flowers102Val": 0.6803921568627451, "OxfordIIITPet": 0.8746252384846007, "OxfordIIITPetVal": 0.8260869565217391, "CUB200": 0.5298584742837418, "CUB200Val": 0.5225375626043406, "PascalVOC": 0.7617521367521367, "PascalVOCVal": 0.7591455615246866, "Country211": 0.17213270142180095, "Country211Val": 0.18075829383886255, "UCF101": 0.6156489558551415, "UCF101Val": 0.6264488935721813}