{"Cars": 0.6192015918418107, "CarsVal": 0.6326781326781327, "DTD": 0.7313829787234043, "DTDVal": 0.7367021276595744, "EuroSAT": 0.9811111111111112, "EuroSATVal": 0.9829629629629629, "GTSRB": 0.9733174980205859, "GTSRBVal": 0.9981231231231231, "MNIST": 0.9962, "MNISTVal": 0.9944, "RESISC45": 0.9315873015873016, "RESISC45Val": 0.9391534391534392, "SUN397": 0.6965239294710327, "SUN397Val": 0.7022670025188917, "SVHN": 0.9429932390903504, "SVHNVal": 0.9344, "CIFAR10": 0.9355, "CIFAR10Val": 0.936, "CIFAR100": 0.7755, "CIFAR100Val": 0.7764, "ImageNet": 0.76006, "ImageNetVal": 0.795, "STL10": 0.9015, "STL10Val": 0.896, "Food101": 0.8514455445544554, "Food101Val": 0.8104, "Caltech256": 0.8828814113034956, "Caltech256Val": 0.8803104575163399, "FGVCAircraft": 0.23882388238823882, "FGVCAircraftVal": 0.23342334233423342, "Flowers102": 0.6079037241827939, "Flowers102Val": 0.638235294117647, "OxfordIIITPet": 0.7514309076042518, "OxfordIIITPetVal": 0.7472826086956522, "CUB200": 0.5811183983431135, "CUB200Val": 0.5642737896494157, "PascalVOC": 0.7487980769230769, "PascalVOCVal": 0.7472499360450243, "Country211": 0.1923696682464455, "Country211Val": 0.1966824644549763}