{"Cars": 0.39833354060440246, "CarsVal": 0.40171990171990174, "DTD": 0.36861702127659574, "DTDVal": 0.7154255319148937, "EuroSAT": 0.2362962962962963, "EuroSATVal": 0.19296296296296298, "GTSRB": 0.6941409342834521, "GTSRBVal": 0.8329579579579579, "MNIST": 0.9218, "MNISTVal": 0.9274, "RESISC45": 0.21619047619047618, "RESISC45Val": 0.8354497354497354, "SUN397": 0.17682619647355163, "SUN397Val": 0.6292191435768262, "SVHN": 0.45263521819299324, "SVHNVal": 0.4238}