{"Cars": 0.5424698420594454, "CarsVal": 0.5368550368550369, "DTD": 0.4122340425531915, "DTDVal": 0.4175531914893617, "EuroSAT": 0.4140740740740741, "EuroSATVal": 0.41, "GTSRB": 0.3506730007917656, "GTSRBVal": 0.34046546546546547, "MNIST": 0.5756, "MNISTVal": 0.574, "RESISC45": 0.5317460317460317, "RESISC45Val": 0.5486772486772487, "SUN397": 0.6011586901763224, "SUN397Val": 0.6075566750629723, "SVHN": 0.2898355869698832, "SVHNVal": 0.2966, "CIFAR10": 0.7155, "CIFAR10Val": 0.72, "CIFAR100": 0.4032, "CIFAR100Val": 0.4062, "ImageNet": 0.59838, "ImageNetVal": 0.6274, "STL10": 0.941875, "STL10Val": 0.932, "Food101": 0.80590099009901, "Food101Val": 0.7678, "Caltech256": 0.7731133616465208, "Caltech256Val": 0.7896241830065359, "FGVCAircraft": 0.1704170417041704, "FGVCAircraftVal": 0.1695169516951695, "Flowers102": 0.6614083590827777, "Flowers102Val": 0.6568627450980392, "OxfordIIITPet": 0.8579994548923412, "OxfordIIITPetVal": 0.8260869565217391, "CUB200": 0.4654815326199517, "CUB200Val": 0.46410684474123537, "PascalVOC": 0.6614583333333334, "PascalVOCVal": 0.6620619084164748, "Country211": 0.15412322274881515, "Country211Val": 0.1623696682464455}