{"Cars": 0.9166770302201219, "CarsVal": 0.9152334152334153, "DTD": 0.8473404255319149, "DTDVal": 0.848404255319149, "EuroSAT": 0.9981481481481481, "EuroSATVal": 0.9977777777777778, "GTSRB": 0.9930324623911322, "GTSRBVal": 0.9992492492492493, "MNIST": 0.9977, "MNISTVal": 0.9964, "RESISC45": 0.9714285714285714, "RESISC45Val": 0.973015873015873, "SUN397": 0.8197984886649874, "SUN397Val": 0.8241813602015113, "SVHN": 0.979678856791641, "SVHNVal": 0.97, "CIFAR10": 0.9922, "CIFAR10Val": 0.9924, "CIFAR100": 0.9301, "CIFAR100Val": 0.9374, "ImageNet": 0.85516, "ImageNetVal": 0.8794, "STL10": 0.99625, "STL10Val": 0.998, "Food101": 0.9536633663366336, "Food101Val": 0.9302, "Caltech256": 0.9717412610258086, "Caltech256Val": 0.9726307189542484, "FGVCAircraft": 0.6810681068106811, "FGVCAircraftVal": 0.6762676267626763, "Flowers102": 0.9783704667425598, "Flowers102Val": 0.9823529411764705, "OxfordIIITPet": 0.9591169255928046, "OxfordIIITPetVal": 0.9375, "CUB200": 0.8634794615119089, "CUB200Val": 0.8631051752921536, "PascalVOC": 0.9205395299145299, "PascalVOCVal": 0.9236377590176515, "Country211": 0.3805687203791469, "Country211Val": 0.3825592417061611}