{"Cars": 0.8974008207934336, "CarsVal": 0.8845208845208845, "DTD": 0.8335106382978723, "DTDVal": 0.848404255319149, "EuroSAT": 0.9851851851851852, "EuroSATVal": 0.9844444444444445, "GTSRB": 0.9593032462391132, "GTSRBVal": 0.9943693693693694, "MNIST": 0.9935, "MNISTVal": 0.9916, "RESISC45": 0.964920634920635, "RESISC45Val": 0.9682539682539683, "SUN397": 0.8254911838790931, "SUN397Val": 0.8231738035264483, "SVHN": 0.9122234173325138, "SVHNVal": 0.8718}