{"Cars": 0.7775152344235792, "CarsVal": 0.7960687960687961, "DTD": 0.5531914893617021, "DTDVal": 0.550531914893617, "EuroSAT": 0.6133333333333333, "EuroSATVal": 0.6148148148148148, "GTSRB": 0.5055423594615994, "GTSRBVal": 0.5082582582582582, "MNIST": 0.7636, "MNISTVal": 0.771, "RESISC45": 0.7104761904761905, "RESISC45Val": 0.7375661375661375, "SUN397": 0.6827707808564232, "SUN397Val": 0.6861460957178841, "SVHN": 0.5844729563614014, "SVHNVal": 0.512, "CIFAR10": 0.9557, "CIFAR10Val": 0.9552, "CIFAR100": 0.7582, "CIFAR100Val": 0.7596, "ImageNet": 0.75542, "ImageNetVal": 0.7746, "STL10": 0.993625, "STL10Val": 0.992, "Food101": 0.9305742574257426, "Food101Val": 0.8962, "Caltech256": 0.8871283894152238, "Caltech256Val": 0.9031862745098039, "FGVCAircraft": 0.3171317131713171, "FGVCAircraftVal": 0.3276327632763276, "Flowers102": 0.7905350463489998, "Flowers102Val": 0.7754901960784314, "OxfordIIITPet": 0.9359498500953939, "OxfordIIITPetVal": 0.9375, "CUB200": 0.6206420434932689, "CUB200Val": 0.6310517529215359, "PascalVOC": 0.7893963675213675, "PascalVOCVal": 0.7821693527756459, "Country211": 0.3186255924170616, "Country211Val": 0.3205687203791469}