{"Cars": 0.8414376321353065, "CarsVal": 0.816953316953317, "DTD": 0.8191489361702128, "DTDVal": 0.8430851063829787, "EuroSAT": 0.9892592592592593, "EuroSATVal": 0.9888888888888889, "GTSRB": 0.9884402216943785, "GTSRBVal": 0.9996246246246246, "MNIST": 0.9969, "MNISTVal": 0.996, "RESISC45": 0.9658730158730159, "RESISC45Val": 0.9687830687830687, "SUN397": 0.7811586901763224, "SUN397Val": 0.7758186397984886, "SVHN": 0.9769514443761524, "SVHNVal": 0.9668, "CIFAR10": 0.9854, "CIFAR10Val": 0.986, "CIFAR100": 0.8995, "CIFAR100Val": 0.9022, "ImageNet": 0.81334, "ImageNetVal": 0.8436, "STL10": 0.992, "STL10Val": 0.996, "Food101": 0.9285148514851486, "Food101Val": 0.8952, "Caltech256": 0.9457693564194708, "Caltech256Val": 0.9477124183006536, "FGVCAircraft": 0.47284728472847287, "FGVCAircraftVal": 0.46384638463846384, "Flowers102": 0.9466579931696211, "Flowers102Val": 0.9558823529411765, "OxfordIIITPet": 0.9359498500953939, "OxfordIIITPetVal": 0.9320652173913043, "CUB200": 0.7737314463237832, "CUB200Val": 0.7646076794657763, "PascalVOC": 0.9035122863247863, "PascalVOCVal": 0.9018930672806345, "Country211": 0.27639810426540284, "Country211Val": 0.2849289099526066}