{"Cars": 0.8527546325083945, "CarsVal": 0.8329238329238329, "DTD": 0.8276595744680851, "DTDVal": 0.8430851063829787, "EuroSAT": 0.9814814814814815, "EuroSATVal": 0.9796296296296296, "GTSRB": 0.9412509897070467, "GTSRBVal": 0.9932432432432432, "MNIST": 0.9917, "MNISTVal": 0.99, "RESISC45": 0.956031746031746, "RESISC45Val": 0.9634920634920635, "SUN397": 0.7882115869017632, "SUN397Val": 0.7818639798488665, "SVHN": 0.8315918869084205, "SVHNVal": 0.8}