{"Cars": 0.6460639223977117, "CarsVal": 0.64004914004914, "DTD": 0.451063829787234, "DTDVal": 0.449468085106383, "EuroSAT": 0.5577777777777778, "EuroSATVal": 0.5537037037037037, "GTSRB": 0.4334125098970705, "GTSRBVal": 0.4286786786786787, "MNIST": 0.5179, "MNISTVal": 0.5064, "RESISC45": 0.6576190476190477, "RESISC45Val": 0.6756613756613756, "SUN397": 0.6550125944584383, "SUN397Val": 0.654911838790932, "SVHN": 0.5198217578365089, "SVHNVal": 0.4456, "CIFAR10": 0.908, "CIFAR10Val": 0.9068, "CIFAR100": 0.6691, "CIFAR100Val": 0.6818, "ImageNet": 0.68334, "ImageNetVal": 0.693, "STL10": 0.9825, "STL10Val": 0.978, "Food101": 0.8885544554455446, "Food101Val": 0.8574, "Caltech256": 0.859359686377001, "Caltech256Val": 0.869281045751634, "FGVCAircraft": 0.24392439243924394, "FGVCAircraftVal": 0.24392439243924394, "Flowers102": 0.7142624817043421, "Flowers102Val": 0.7107843137254902, "OxfordIIITPet": 0.8907059144180975, "OxfordIIITPetVal": 0.8722826086956522, "CUB200": 0.5528132550914739, "CUB200Val": 0.5676126878130217, "PascalVOC": 0.7766426282051282, "PascalVOCVal": 0.7760296751087234, "Country211": 0.22838862559241707, "Country211Val": 0.2290995260663507}