{"Cars": 0.6841188906852381, "CarsVal": 0.6769041769041769, "DTD": 0.725, "DTDVal": 0.7553191489361702, "EuroSAT": 0.9807407407407407, "EuroSATVal": 0.9840740740740741, "GTSRB": 0.97513855898654, "GTSRBVal": 0.9962462462462462, "MNIST": 0.9945, "MNISTVal": 0.9952, "RESISC45": 0.9326984126984127, "RESISC45Val": 0.9433862433862434, "SUN397": 0.7225692695214105, "SUN397Val": 0.7153652392947103, "SVHN": 0.9457590657652121, "SVHNVal": 0.9294, "CIFAR10": 0.9543, "CIFAR10Val": 0.9478, "CIFAR100": 0.8015, "CIFAR100Val": 0.8072, "ImageNet": 0.78188, "ImageNetVal": 0.8148, "STL10": 0.9155, "STL10Val": 0.91, "Food101": 0.8721980198019802, "Food101Val": 0.8346, "Caltech256": 0.905423064358053, "Caltech256Val": 0.9064542483660131, "FGVCAircraft": 0.26912691269126915, "FGVCAircraftVal": 0.25052505250525053, "Flowers102": 0.5547243454220199, "Flowers102Val": 0.6, "OxfordIIITPet": 0.7748705369310439, "OxfordIIITPetVal": 0.75, "CUB200": 0.5956161546427339, "CUB200Val": 0.5843071786310517, "PascalVOC": 0.7686965811965812, "PascalVOCVal": 0.762854950115119, "Country211": 0.20597156398104266, "Country211Val": 0.21080568720379148}