{"Cars": 0.3922397711727397, "CarsVal": 0.3857493857493858, "DTD": 0.35106382978723405, "DTDVal": 0.6941489361702128, "EuroSAT": 0.21481481481481482, "EuroSATVal": 0.18333333333333332, "GTSRB": 0.6691211401425178, "GTSRBVal": 0.7563813813813813, "MNIST": 0.8732, "MNISTVal": 0.8846, "RESISC45": 0.2088888888888889, "RESISC45Val": 0.7973544973544974, "SUN397": 0.18211586901763224, "SUN397Val": 0.6292191435768262, "SVHN": 0.38671634910878916, "SVHNVal": 0.3784}