{"Cars": 0.6111180201467479, "CarsVal": 0.5921375921375921, "DTD": 0.43670212765957445, "DTDVal": 0.4627659574468085, "EuroSAT": 0.30814814814814817, "EuroSATVal": 0.302962962962963, "GTSRB": 0.37545526524148853, "GTSRBVal": 0.3704954954954955, "MNIST": 0.5238, "MNISTVal": 0.5196, "RESISC45": 0.5839682539682539, "RESISC45Val": 0.5936507936507937, "SUN397": 0.5956675062972292, "SUN397Val": 0.5924433249370277, "SVHN": 0.3182621389059619, "SVHNVal": 0.309, "CIFAR10": 0.8076, "CIFAR10Val": 0.8056, "CIFAR100": 0.4762, "CIFAR100Val": 0.482, "ImageNet": 0.62294, "ImageNetVal": 0.6544, "STL10": 0.968, "STL10Val": 0.954, "Food101": 0.8361980198019802, "Food101Val": 0.798, "Caltech256": 0.8085592943482522, "Caltech256Val": 0.823937908496732, "FGVCAircraft": 0.1863186318631863, "FGVCAircraftVal": 0.177017701770177, "Flowers102": 0.6519759310456985, "Flowers102Val": 0.6480392156862745, "OxfordIIITPet": 0.868629054238212, "OxfordIIITPetVal": 0.8342391304347826, "CUB200": 0.4958577839143942, "CUB200Val": 0.5058430717863105, "PascalVOC": 0.6445646367521367, "PascalVOCVal": 0.6311077001790739, "Country211": 0.16962085308056873, "Country211Val": 0.17412322274881517}